{"cameraMode":{"drawMode":0,"name":"Shaded","section":"Shading Mode"},"sceneLighting":false,"audioPlay":false,"sceneViewState":{"m_AlwaysRefresh":false,"showFog":true,"showSkybox":false,"showFlares":true,"showImageEffects":true,"showParticleSystems":true,"showVisualEffectGraphs":true,"m_FxEnabled":true},"in2DMode":false,"pivot":{"x":0.09346768260002136,"y":0.8126685619354248,"z":-3.621617317199707},"rotation":{"x":0.0019205926219001413,"y":0.9943065047264099,"z":-0.105099156498909,"w":0.018198000267148019},"size":3.6064651012420656,"orthographic":false}