{"cameraMode":{"drawMode":0,"name":"Shaded","section":"Shading Mode"},"sceneLighting":false,"audioPlay":false,"sceneViewState":{"m_AlwaysRefresh":false,"showFog":true,"showSkybox":false,"showFlares":true,"showImageEffects":true,"showParticleSystems":true,"showVisualEffectGraphs":true,"m_FxEnabled":true},"in2DMode":false,"pivot":{"x":-1.4310346841812134,"y":1.5583865642547608,"z":1.4417636394500733},"rotation":{"x":0.07493872940540314,"y":0.7629176378250122,"z":-0.08990853279829025,"w":0.6358438730239868},"size":0.8708561658859253,"orthographic":false}