{"cameraMode":{"drawMode":0,"name":"Shaded","section":"Shading Mode"},"sceneLighting":false,"audioPlay":false,"sceneViewState":{"m_AlwaysRefresh":false,"showFog":true,"showSkybox":false,"showFlares":true,"showImageEffects":true,"showParticleSystems":true,"showVisualEffectGraphs":true,"m_FxEnabled":true},"in2DMode":false,"pivot":{"x":0.000002086162567138672,"y":1.0672707557678223,"z":0.02961137890815735},"rotation":{"x":0.001541413483209908,"y":0.9938477277755737,"z":0.015524364076554776,"w":-0.11019306629896164},"size":1.6228951215744019,"orthographic":false}