{"cameraMode":{"drawMode":0,"name":"Shaded","section":"Shading Mode"},"sceneLighting":false,"audioPlay":false,"sceneViewState":{"m_AlwaysRefresh":false,"showFog":true,"showSkybox":false,"showFlares":true,"showImageEffects":true,"showParticleSystems":true,"showVisualEffectGraphs":true,"m_FxEnabled":true},"in2DMode":false,"pivot":{"x":5.920533180236816,"y":-258.7426452636719,"z":483.37725830078127},"rotation":{"x":-0.22778743505477906,"y":-0.006721199490129948,"z":0.0015720193041488529,"w":-0.9736868143081665},"size":439.4051208496094,"orthographic":false}