{"cameraMode":{"drawMode":0,"name":"Shaded","section":"Shading Mode"},"sceneLighting":true,"audioPlay":false,"sceneViewState":{"m_AlwaysRefresh":false,"showFog":true,"showSkybox":true,"showFlares":true,"showImageEffects":true,"showParticleSystems":true,"showVisualEffectGraphs":true,"m_FxEnabled":true},"in2DMode":false,"pivot":{"x":53.962913513183597,"y":36.76944351196289,"z":-12.741111755371094},"rotation":{"x":0.11872963607311249,"y":-0.36634185910224917,"z":-0.04716016724705696,"w":-0.9217023849487305},"size":25.95107078552246,"orthographic":false}